symbol,date
IREN,2023-06-30
BOIVF,2022-12-31
GTK.AX,2022-09-30
CTM.ST,2023-06-30
DUFRY,2022-12-31
YARIY,2023-06-30
THUPY,2023-06-30
SMWB,2023-06-30
BTWN,2023-06-30
PRME,2023-06-30
BIOX,2023-06-30
SEPL.L,2023-06-30
KAMBI.ST,2023-06-30
GLOG-PA,2023-06-30
TRST.L,2022-12-31
INXDF,2023-03-31
0A0H.IL,2023-06-30
WAVE,2023-03-31
1832.SR,2023-06-30
PTAIY,2023-06-30
INMD,2023-06-30
AIQUY,2022-12-31
QIBK.QA,2023-06-30
WRTBY,2023-06-30
KRNT,2023-06-30
TCLHF,2022-12-31
NRSDY,2023-06-30
MISB.ME,2021-12-31
888.L,2022-12-31
GJNSY,2023-06-30
QFLS.QA,2022-12-31
SAP.TO,2023-06-30
ACIU,2023-06-30
AY,2023-06-30
OP,2023-06-30
MDXH,2023-06-30
PXS,2023-06-30
NU,2023-06-30
CCEP,2023-03-31
MEGL,2022-12-31
JCSE,2022-12-31
FCSS.L,2018-09-30
SPNS,2023-06-30
ON,2023-06-30
BRNE,2015-03-31
NOVA.IC,2023-06-30
SCHYY,2014-12-31
NPK.TO,2023-06-30
ANSGR.IS,2023-06-30
SSREY,2019-06-30
AFRI,2022-03-31
BHMG.L,2018-06-30
ESTA,2023-06-30
ICE,2023-06-30
PGEJF,2023-06-30
AKBTY,2023-06-30
600988.SS,2023-06-30
VRDR,2023-03-31
FLOT.ME,2021-12-31
GISS.QA,2023-06-30
GIGM,2023-06-30
EVVTY,2023-06-30
VBLT,2023-06-30
SCMWY,2023-06-30
DAC,2023-06-30
LBTYA,2023-06-30
BORR,2023-06-30
KSPI.IL,2023-06-30
SILC,2023-06-30
CLPS,2022-12-31
RACE,2023-06-30
IMTE,2022-12-31
AUOTY,2023-06-30
USB,2023-06-30
1150.SR,2023-06-30
ARASE.IS,2022-03-31
GMS,2023-07-31
0ZQ.F,2023-03-31
ARION-SDB.ST,2023-06-30
ALLT,2023-06-30
HLPPY,2018-06-30
DRTS,2023-06-30
NGMS,2023-06-30
SIMINN.IC,2023-03-31
BLDP,2023-06-30
PAA,2023-06-30
CGNT,2023-04-30
EDRY,2023-06-30
NAOV,2023-06-30
CCCP,2023-03-31
OEC,2023-06-30
PUBGY,2019-06-30
GPRK,2023-06-30
IFC.TO,2023-06-30
WY,2023-06-30
0486.HK,2019-12-31
IMPP,2023-06-30
2266.HK,2019-06-30
GF,2018-06-30
PERI,2023-06-30
CLPBY,2023-06-30
BKRKY,2023-03-31
ALFVY,2023-06-30
TOL,2023-07-31
PLAY.IC,2023-06-30
AGBA,2023-06-30
REGINN.IC,2023-03-31
ALC,2023-06-30
ROSB.ME,2021-09-30
MAZAYA.KW,2023-03-31
AFISH.OL,2022-12-31
SGHC,2023-06-30
MIL.L,2020-09-30
LGRDY,2023-06-30
CHX,2023-06-30
IDEXY,2023-07-31
1020.SR,2023-06-30
CGEN,2023-06-30
ARS.L,2016-12-31
CSTE,2023-06-30
DSWL,2021-03-31
CLVT,2023-06-30
SCGLY,2023-06-30
CHFFY,2018-06-30
GNNDY,2023-06-30
GXYEF,2018-06-30
ACBA,2023-06-30
CYBR,2023-06-30
NHTC,2023-06-30
1341.TW,2023-06-30
GRFX,2021-12-31
HSBK.IL,2023-03-31
ELEZY,2023-06-30
BKEAY,2018-06-30
SVN.IC,2023-06-30
ICEAIR.IC,2023-06-30
BIP-UN.TO,2023-06-30
CAAP,2023-06-30
SBER.IL,2023-03-31
MKKGY,2023-06-30
BSX,2023-06-30
HAGA.IC,2023-05-31
ANFIF,2018-09-30
UBSFY,2018-09-30
SEOAY,2023-06-30
T,2023-06-30
ICAGY,2023-06-30
MLZAM.PA,2019-06-30
RSKD,2023-06-30
SMU.SN,2023-03-31
HIHO,2023-03-31
ALV,2023-06-30
GNTX,2023-06-30
TEL,2023-06-30
SVRE,2022-12-31
ENTX,2023-06-30
GTX,2023-06-30
UMEWF,2017-09-30
CPNG,2023-06-30
CMTOY,2023-06-30
CBQK.QA,2023-03-31
CTTAY,2023-06-30
6015.SR,2023-06-30
CMCL,2023-06-30
BNS.TO,2023-07-31
VLVLY,2023-06-30
BDNNY,2023-06-30
BOREF,2022-03-31
GLMD,2023-06-30
ITRN,2023-06-30
SIIS.QA,2023-06-30
ONON,2023-06-30
TARO,2023-06-30
GLBS,2023-06-30
3008.SR,2023-03-31
TLPFY,2019-06-30
EVO.AX,2020-09-30
MPHC.QA,2023-06-30
TWNK,2023-06-30
LEK.L,2019-06-30
M8G.ST,2023-03-31
BBM.CN,2023-06-30
SSU,2022-09-30
CKHUY,2019-06-30
AGMH,2021-12-31
WVE,2023-06-30
RYR.V,2023-03-31
TROO,2013-12-31
NET,2023-06-30
SPKKY,2010-12-31
TOPS,2022-12-31
ZAM.L,2019-06-30
ENGIY,2019-06-30
0422.HK,2016-12-31
MYSZ,2023-06-30
GOOS.TO,2023-06-30
SRAD,2023-06-30
ADCT,2023-06-30
LICY,2023-06-30
BRQS,2021-12-31
SBLK,2023-06-30
TAVHY,2023-06-30
MOB,2021-12-31
OCS,2022-12-31
PPCB,2023-03-31
CLLNY,2023-06-30
SPCB,2022-12-31
FTCH,2023-06-30
IOBT,2023-06-30
GCP.L,2019-06-30
COPEC.SN,2022-12-31
BASFY,2023-06-30
GLNG,2023-06-30
CSCO,2023-07-29
BOSC,2023-06-30
VMW,2023-08-04
NKTR,2023-06-30
NHYDY,2023-06-30
ESLT,2023-06-30
STAR.L,2019-06-30
TIG.AX,2019-06-30
KLR,2023-06-30
WELL.TO,2023-06-30
ORKLY,2023-06-30
NVT,2023-06-30
QIGD.QA,2023-06-30
SIEGY,2023-06-30
MS,2023-06-30
MNDO,2023-06-30
TIGO,2023-06-30
ERF.TO,2023-06-30
TLTZY,2023-06-30
IINN,2023-06-30
MRVL,2023-07-29
BHC,2023-06-30
EIK.IC,2023-06-30
WIX,2023-06-30
SMCAY,2023-06-30
ARVL,2022-12-31
HKD,2021-04-30
FDUS,2023-06-30
PERF,2023-06-30
VFQS.QA,2023-06-30
HYMTF,2023-06-30
NAT,2023-06-30
GRLA.CO,2023-06-30
TRP.TO,2023-06-30
UPP.AE,2023-06-30
HVPE.L,2020-09-30
CHS,2023-07-29
WDS,2022-12-31
MHGVY,2023-06-30
TOMDF,2022-09-30
UIE.CO,2023-06-30
ANIOY,2023-06-30
DNNGY,2023-06-30
RC2.L,2018-06-30
GPH.L,2019-06-30
KFH.KW,2023-06-30
BDWBY,2019-12-31
DM,2023-06-30
YNDX,2023-06-30
MARA,2023-06-30
NEXA,2023-06-30
ANYYY,2023-06-30
ASAZY,2023-06-30
GMBL,2023-03-31
QEWS.QA,2023-06-30
RVSN,2023-06-30
GAMB,2023-06-30
TUPRS.IS,2023-06-30
CSTM,2023-06-30
KIND-SDB.ST,2023-06-30
GB,2023-06-30
FOJCY,2023-06-30
SWRAY,2018-06-30
LSXMK,2023-06-30
AHCS.QA,2023-06-30
GLOP-PB,2023-03-31
YCA.L,2022-12-31
SWDBY,2023-06-30
EFN.TO,2023-06-30
UAA,2023-06-30
ICL,2023-06-30
CB,2023-06-30
NYCB,2023-06-30
BANC,2023-06-30
JIN.OL,2023-03-31
AKCCF,2023-06-30
LIQT,2023-06-30
TLSNY,2023-06-30
EKTAY,2023-07-31
VHT.AX,2020-09-30
EVGN,2023-06-30
IESFY,2023-06-30
IGEX,2017-10-31
2448.HK,2019-06-30
SYIEY,2017-12-31
ARTO.JK,2023-06-30
ARZGY,2019-06-30
DFM.AE,2023-06-30
CRON.TO,2023-06-30
CABGY,2018-06-30
LNVGY,2023-06-30
WMT,2023-07-31
DTEGY,2023-06-30
AMCR,2023-06-30
LWLG,2023-06-30
ASMVY,2023-06-30
CEE.TO,2019-06-30
RAI.L,2019-06-30
SFTBY,2023-06-30
EVO,2023-06-30
D,2023-06-30
0FS8.L,2023-06-30
SENX.L,2023-06-30
ECN.TO,2023-06-30
SYN.IC,2023-06-30
RBA,2023-06-30
OTLK,2023-06-30
KMD.AX,2020-09-30
TLRY,2023-05-31
HYSNY,2018-06-30
SJOVA.IC,2023-06-30
0O7A.IL,2023-06-30
TROW,2023-06-30
BSSR.JK,2023-06-30
TCAP.L,2018-06-30
2190.SR,2023-06-30
ALSMY,2005-03-31
TEAM,2023-06-30
2223.SR,2023-03-31
KONYA.IS,2013-12-31
DANOY,2018-06-30
OTMO,2023-06-30
GMS.L,2019-06-30
SVNLY,2023-06-30
ALAR,2023-03-31
BPIRY,2023-06-30
ZGN,2022-12-31
SAUHF,2017-06-30
HOEGF,2023-03-31
DESP,2023-06-30
PRE,2023-06-30
GOGL,2023-06-30
LNTH,2023-06-30
8250.SR,2023-06-30
SGML,2023-06-30
MEZ.AX,2020-09-30
STGO.TO,2023-06-30
WYNMY,2018-06-30
PETB.L,2023-06-30
CS.ST,2023-06-30
MYNZ,2023-06-30
M8G.DE,2023-06-30
MCY.AX,2020-09-30
KIDZ.V,2023-03-31
LOW,2023-08-04
HDELY,2019-12-31
TTNDY,2018-06-30
SKFRY,2023-06-30
ILAG,2022-12-31
UMICY,2019-06-30
GRMN,2023-07-01
FALABELLA.SN,2023-06-30
SKC.AX,2020-09-30
MAREL.IC,2023-06-30
BNPQY,2023-06-30
KMTUY,2023-06-30
LOGI,2023-06-30
DASTY,2023-03-31
WSBN.L,2019-06-30
NLSP,2021-12-31
SEDG,2023-06-30
BBAR,2023-06-30
INCR,2023-06-30
F,2023-06-30
BOUYY,2023-06-30
BRL.AX,2020-09-30
WIZZ.L,2023-03-31
MBGYY,2023-06-30
SAHOL.IS,2023-06-30
GNS,2022-12-31
0K9W.IL,2023-06-30
GSM,2023-06-30
NKE,2023-05-31
RAKE.ST,2023-06-30
NEON,2023-06-30
CPB,2023-07-30
CHKP,2023-06-30
TEZNY,2023-06-30
SOPH,2023-06-30
SATX,2023-03-31
ATM.L,2020-09-30
SASA.IS,2023-06-30
EWBC,2023-06-30
HSNGY,2017-06-30
GRAB,2023-06-30
TSLA,2023-06-30
UELKY,2023-03-31
QGTS.QA,2023-06-30
GENTF,2023-06-30
ICCM,2023-06-30
HRUM.JK,2023-06-30
LTE.JO,2021-06-30
PSNY,2023-06-30
TDCX,2023-06-30
VTR,2023-06-30
AEXAY,2019-06-30
CLBT,2023-06-30
MRDS.QA,2023-06-30
IBDRY,2023-06-30
POAHY,2023-06-30
DEWA.JK,2023-03-31
JTC.L,2019-06-30
DIC.AE,2023-06-30
THQQF,2023-03-31
OGC.TO,2023-06-30
PPERY,2023-06-30
4260.SR,2023-06-30
GLBE,2023-06-30
SLF,2023-06-30
ELUXY,2023-06-30
ARCO,2023-06-30
MNDY,2023-06-30
AUDC,2023-06-30
CL,2023-06-30
CRM,2023-07-31
HLTOY,2022-06-30
IGM.TO,2023-06-30
SHW,2023-06-30
BLX,2023-06-30
WTW,2023-06-30
RTGZ.ME,2023-03-31
STVN,2023-06-30
SHG.L,2019-06-30
VWSYF,2023-06-30
GE,2023-06-30
PD.TO,2023-06-30
PNC,2023-06-30
HHLA,2023-06-30
ALVO,2023-06-30
USEA,2023-06-30
BYFM.CN,2023-04-30
LIDR,2023-06-30
LRLCY,2021-06-30
PIFMY,2023-03-31
NBGIF,2023-06-30
ASAI,2023-06-30
FNV.TO,2023-06-30
OCG,2021-12-31
BVIC.JK,2023-06-30
ACGL,2023-06-30
TELNY,2023-06-30
IFNNY,2023-06-30
SDVKY,2023-06-30
DSX,2023-06-30
ABCL,2023-06-30
BREE.L,2019-06-30
NRDBY,2023-06-30
TJX,2023-07-29
SRL,2019-12-31
MU,2023-06-01
PMTYF,2018-06-30
KRFG,2023-06-30
8012.SR,2023-06-30
TDF,2018-06-30
SPNT,2023-06-30
NIND.KW,2023-06-30
NVZMY,2023-06-30
NKRKY,2023-03-31
DU.AE,2023-06-30
SMMNY,2023-06-30
8030.SR,2023-06-30
PGDC.V,2022-09-30
MURGY,2023-06-30
BYNO,2023-06-30
PRD.L,2019-06-30
IMCC,2023-06-30
1183.HK,2019-06-30
PGY,2023-06-30
VONOY,2023-06-30
BUR,2023-06-30
BRES.QA,2023-06-30
MCHP,2023-06-30
0GWB.IL,2023-06-30
RCKT,2023-06-30
SM,2023-06-30
GILT,2023-06-30
AVHOQ,2021-09-30
KMDA,2023-06-30
VIS.IC,2023-06-30
NPOF.ME,2018-12-31
PAGS,2023-06-30
BN,2023-06-30
CLPHY,2017-06-30
GWCS.QA,2023-06-30
PTBRY,2023-06-30
PRFX,2023-06-30
900140.KS,2023-03-31
GNGBY,2023-06-30
CRNT,2023-06-30
AXS,2023-06-30
GLOB,2023-06-30
SCTC,2023-06-30
IDHC.L,2023-06-30
ROIV,2023-06-30
VEOEY,2019-06-30
ITJTY,2023-06-30
XRO.AX,2020-09-30
FRHC,2023-03-31
INOD,2023-06-30
FTNT,2023-06-30
AWIN,2023-03-31
KHNGF,2023-06-30
DNBBY,2023-06-30
BAYRY,2023-03-31
HNNMY,2023-05-31
0A0L.IL,2023-07-31
1211.SR,2023-06-30
HEPS,2023-06-30
DDI,2023-06-30
KMI,2023-06-30
NGEX.V,2023-06-30
FBU.AX,2001-06-30
BNOX,2022-12-31
2280.SR,2023-06-30
EONGY,2023-06-30
SWVL,2022-09-30
PLTK,2023-06-30
IAM.SN,2023-03-31
FREY,2023-06-30
000426.SZ,2023-06-30
ALIMO.PA,2011-06-30
BOC.AX,2019-06-30
ENKAI.IS,2023-06-30
MURGF,2023-06-30
2282.HK,2019-06-30
INE.TO,2023-06-30
HESAY,2018-06-30
ASTERDM.NS,2023-06-30
HSQVY,2023-06-30
KCHOL.IS,2023-06-30
BMR,2022-12-31
CPRO.JK,2023-06-30
ERES.QA,2023-06-30
BGTG.JK,2023-06-30
ASELS.IS,2023-06-30
LILM,2022-12-31
GXU.V,2023-06-30
KSL.AX,2019-06-30
DELHY,2017-06-30
VEIL.L,2018-06-30
SLGL,2023-06-30
GGR,2023-06-30
2090.SR,2023-06-30
ASKH,2019-09-30
TKAT,2023-06-30
DIB.AE,2023-06-30
TIO,2023-03-31
SKBSY,2023-06-30
CRSP,2023-06-30
CRHKY,2018-06-30
SSUN.F,2023-06-30
0OFP.IL,2023-06-30
HTCR,2023-06-30
EPOKY,2023-06-30
FVRR,2023-06-30
NNOX,2023-06-30
NTCT,2023-06-30
SHEL,2023-06-30
2080.SR,2023-06-30
IMTX,2023-06-30
CHNR,2021-12-31
CAMT,2023-06-30
ASPS,2023-06-30
AMADY,2023-06-30
SGSOY,2017-06-30
TGLS,2023-06-30
OXUS,2023-06-30
HPE,2023-07-31
0975.HK,2017-06-30
6060.SR,2023-06-30
KNOP,2023-06-30
IFRX,2023-06-30
RWEOY,2023-06-30
AIA.AX,2020-09-30
FRO,2023-06-30
HNHPF,2023-06-30
SUBCY,2023-06-30
RDCM,2023-06-30
RGC,2022-06-30
8480.TW,2022-09-30
FPH.AX,2020-09-30
BNRG,2023-06-30
MRVI,2023-06-30
SST.AX,2019-06-30
AMKBY,2023-06-30
RDWR,2023-06-30
AMD,2023-07-01
ERF,2023-06-30
ATLCY,2023-06-30
RWLK,2023-06-30
DNKEY,2023-06-30
FTS.TO,2023-06-30
GEM.L,2019-06-30
MAR,2023-06-30
MATH,2020-09-30
GRRR,2022-12-31
AAZ.L,2019-06-30
NCRA,2023-06-30
GCHOY,2023-06-30
OLGERD.IC,2023-05-31
DLO,2023-06-30
QFBQ.QA,2023-06-30
ENLAY,2023-06-30
SHIP.L,2020-09-30
YRSB.ME,2023-03-31
4013.SR,2023-06-30
SDXAY,2019-02-28
MSA.TO,2023-06-30
TKGBY,2023-06-30
BLP.L,2020-09-30
REITIR.IC,2023-03-31
PSPW,2017-12-31
GCTK,2023-06-30
OSSR.CO,2023-06-30
CRGO,2023-06-30
BROG,2019-12-31
UPMMY,2023-06-30
4071.SR,2023-06-30
DOHI.QA,2023-03-31
ARMX.AE,2023-06-30
QNBK.QA,2023-06-30
ACROUD.ST,2023-06-30
APCA,2023-06-30
CWVLF,2023-03-31
UNCRY,2023-06-30
CIM-PD,2023-06-30
SNMRY,2023-06-30
AZUL,2023-06-30
AGRO,2023-06-30
4010.SR,2023-06-30
CSSV,2016-06-30
GNE.AX,2020-09-30
PLUR,2023-06-30
HENOY,2019-12-31
BEP,2023-06-30
SIG,2023-07-29
KNYJY,2023-06-30
RY.TO,2023-07-31
AIZ.AX,2020-09-30
TSEM,2023-06-30
PSHG,2023-06-30
RIG,2023-06-30
MELI,2023-06-30
AMZN,2023-06-30
TNP,2023-03-31
HKXCY,2023-06-30
CPA,2023-06-30
BRIM.IC,2023-06-30
PRTH,2023-06-30
CRM.BA,2023-04-30
PAAS,2023-06-30
SPOT,2023-06-30
VWAGY,2023-06-30
1320.SR,2023-06-30
SGML.V,2023-06-30
CAP.SN,2023-06-30
PPBT,2023-06-15
AXAHY,2018-06-30
ANDAU,2021-06-30
YUEIY,2018-06-30
FESTI.IC,2023-06-30
CIBEY,2023-06-30
CHEK,2023-06-30
TAOP,2020-06-30
TBIRD.AS,2022-06-30
1214.SR,2023-06-30
INDO,2020-12-31
CZMWY,2023-06-30
MLEC,2023-03-31
WHGLY,2017-06-30
NMRK,2023-06-30
CVAC,2023-06-30
GOFPY,2022-09-30
OLLI,2023-07-29
DBOEY,2023-06-30
D7G.F,2023-06-30
MARK.QA,2023-06-30
VLEEY,2019-06-30
PRNDY,2018-12-31
CHYHY,2023-05-31
BDRFY,2019-06-30
7204.SR,2023-03-31
DLNG,2023-06-30
LYFT,2023-06-30
ENLT,2023-06-30
LBRT,2023-06-30
MAXN,2023-06-30
ATAI,2023-06-30
HLN,2023-06-30
SMPL,2023-05-27
SHECY,2023-06-30
WKME,2023-06-30
GDNGY,2023-03-31
DHBK.QA,2023-06-30
0QDX.IL,2023-06-30
AI,2023-07-31
KLIC,2023-07-01
ALMER.PA,2019-06-30
ODD,2023-06-30
FLEX,2023-06-30
SRE.L,2020-09-30
AUTO.JK,2023-06-30
AGESY,2019-06-30
NEOG,2023-05-31
ESEA,2023-06-30
TRMB,2023-06-30
WBA,2023-05-31
MGIC,2023-06-30
AMTD,2022-12-31
SO,2023-06-30
AN,2023-06-30
HA,2023-06-30
KVIKA.IC,2023-03-31
ENELAM.SN,2023-06-30
BVNKF,2023-06-30
REPYY,2023-06-30
WBD,2023-06-30
NA.TO,2023-07-31
ADDYY,2023-06-30
WSC,2023-06-30
QRC.TO,2023-05-31
KRR.TO,2023-06-30
ISB.IC,2023-06-30
RDEIY,2023-06-30
AKHI.QA,2023-03-31
NVMI,2023-06-30
PUTKY,2023-06-30
KBCSY,2023-06-30
LTMAY,2023-06-30
DNN,2023-06-30
UDCD.QA,2023-06-30
JOG.L,2019-06-30
HXGBY,2023-06-30
BKR,2023-06-30
SIETY,2018-06-30
BABY.TO,2023-06-30
SHLLF,2023-06-30
TRIG.L,2019-06-30
MLTX,2023-06-30
2010.SR,2023-06-30
PFC.L,2016-06-30
INVZ,2023-06-30
SPRC,2021-12-31
TWN,2019-02-28
STKH,2022-12-31
STN.TO,2023-06-30
DB,2023-06-30
CHTR,2023-06-30
TD,2023-07-31
PTXKY,2023-06-30
NVCR,2023-06-30
DSDVY,2023-06-30
BAC,2023-06-30
QGMD.QA,2023-03-31
TKIM.JK,2023-06-30
EMG.L,2019-06-30
RBW.L,2020-09-30
LEDS,2023-05-31
BMWYY,2023-06-30
CVHSY,2023-06-30
GASS,2023-06-30
EXK,2023-06-30
CELJF,2023-06-30
AG,2023-06-30
BHMU.L,2018-06-30
MX,2023-06-30
NCLTY,2023-06-30
PBCRY,2023-06-30
ELTK,2023-06-30
MBLY,2023-07-01
QIIK.QA,2023-06-30
XYIGF,2018-06-30
CBOT.PA,2019-06-30
PTON,2023-06-30
MIGI,2023-06-30
SQ,2023-06-30
PHXM,2022-12-31
AFMD,2023-06-30
ALIZY,2023-06-30
HENKY,2019-12-31
2310.SR,2023-06-30
UBER,2023-06-30
CPLP,2023-06-30
6004.SR,2023-06-30
SONVY,2018-09-30
SKX,2023-06-30
CEVA,2023-06-30
SNT,2023-06-30
SHIP,2023-06-30
CSIQ,2023-06-30
AHI,2022-12-31
QNCD.QA,2023-06-30
GFAI,2021-12-31
1180.SR,2023-06-30
ZIM,2023-06-30
VLN,2023-06-30
OPK,2023-06-30
NTOIY,2023-06-30
MAT,2023-06-30
LSCC,2023-07-01
ASPIRE.ST,2022-03-31
0N4Y.IL,2016-09-30
EURN,2023-06-30
AMBP,2023-06-30
EFGD.IL,2023-06-30
IONR,2022-12-31
SITIY,2018-06-30
REE,2023-06-30
HCMLY,2017-12-31
WBX,2023-03-31
GMDA,2023-06-30
AKO-B,2023-06-30
LILAK,2023-06-30
DAL,2023-06-30
G,2023-06-30
VAL,2023-06-30
KHOTF,2023-03-31
XP,2023-06-30
SAXPY,2023-06-30
